bucket	count
drop:arrayexpress	2
drop:assembly	6
drop:cngb_gsa	78
drop:ena_not_found	505
drop:genbank_nucleotide	20
drop:geo	21
drop:metabolomics	2
drop:nmdc	4
drop:other_non_insdc	1
drop:restricted_access	15
drop:truncated_or_malformed	2
lookup:experiment:resolved	3
lookup:run:resolved	9
lookup:sample:not_found	9
lookup:sample:resolved	18
lookup:study:ena_error	4
lookup:study:not_found	22
lookup:study:resolved	746
lookup:submission:not_found	2
lookup:submission:resolved	20
resolved_distinct_studies	643
total_tokens	1489
unresolved_after_lookup	37
